,URL
0,https://www.supplyhouse.com/Pipe-Fittings-Nipples-415000
1,https://www.supplyhouse.com/Valves-2000
2,https://www.supplyhouse.com/Water-Heaters-1813000
3,https://www.supplyhouse.com/Pumps-579000
4,https://www.supplyhouse.com/PEX-Plumbing-515000
5,https://www.supplyhouse.com/Chemicals-Compounds-358000
6,https://www.supplyhouse.com/Water-Heater-Parts-26631000
7,https://www.supplyhouse.com/Clamps-Pipe-Hangers-Straps-1385000
8,https://www.supplyhouse.com/Tubular-Products-1394000
9,https://www.supplyhouse.com/Backflow-Preventers-1619000
10,https://www.supplyhouse.com/Plumbing-Specialties-12791000
11,https://www.supplyhouse.com/Water-Filters-29705000
12,https://www.supplyhouse.com/Tools-648000
13,https://www.supplyhouse.com/Access-Doors-909000
14,https://www.supplyhouse.com/Pipe-Insulation-12071000
15,https://www.supplyhouse.com/Sloan-Flush-Valves-615000
16,https://www.supplyhouse.com/Grease-Traps-513000
17,https://www.supplyhouse.com/Supply-Stops-Risers-636000
18,https://www.supplyhouse.com/Expansion-Tanks-14860000
19,https://www.supplyhouse.com/Outlet-Boxes-14861000
20,https://www.supplyhouse.com/Fire-Sprinkler-Heads-Hangers-10065000
21,https://www.supplyhouse.com/Drains-17301000
22,https://www.supplyhouse.com/Water-Hammer-Arrestors-10951000
23,https://www.supplyhouse.com/Strainers-17394000
24,https://www.supplyhouse.com/Toilet-Parts-14781000
25,https://www.supplyhouse.com/Steam-Showers-27171000
26,https://www.supplyhouse.com/Tub-Shower-Products-14808000
27,https://www.supplyhouse.com/Garbage-Disposals-26750000
28,https://www.supplyhouse.com/Faucet-Sink-Parts-21060000
29,https://www.supplyhouse.com/Faucets-and-Shower-Trim-24330000
30,https://www.supplyhouse.com/Macerating-Toilet-Systems-19520000
31,https://www.supplyhouse.com/Firestop-Products-25842000
